﻿Outcome 1 Result 1a Measures of Association Table
" "
Generated by TriNetX
" "
Notes
233 patients in Cohort 1 and 170 patients in Cohort 2 were excluded from results because they had the outcome prior to the time window.
" "
" "
Cohort Statistics
Cohort,Cohort Name,Patients in Cohort,Patients with Outcome,Risk
1,ESRD and Watchmen,808,24,0.0297029702970297
2,Unnamed,871,26,0.029850746268656716
" "
" "
Risk Difference
Risk Difference,95 % CI Lower,95 % CI Upper,z,p
-0.00014777597162701425,-0.01641907676829971,0.01612352482504568,-0.017799114021039987,0.9857991115575341
" "
" "
Risk Ratio
Risk Ratio,95 % CI Lower,95 % CI Upper
0.995049504950495,0.576110031920895,1.718636132755588
" "
" "
Odds Ratio
Odds Ratio,95 % CI Lower,95 % CI Upper
0.9948979591836735,0.5664426148839149,1.7474355268815531