﻿Outcome 5 Result 5a Measures of Association Table
" "
Generated by TriNetX
" "
Notes
436 patients in Cohort 1 and 143 patients in Cohort 2 were excluded from results because they had the outcome prior to the time window.
" "
" "
Cohort Statistics
Cohort,Cohort Name,Patients in Cohort,Patients with Outcome,Risk
1,ESRD and Watchmen,605,53,0.08760330578512397
2,Unnamed,898,40,0.044543429844097995
" "
" "
Risk Difference
Risk Difference,95 % CI Lower,95 % CI Upper,z,p
0.04305987594102598,0.016799720281895195,0.06932003160015676,3.3979508258866877,0.0006789262243527079
" "
" "
Risk Ratio
Risk Ratio,95 % CI Lower,95 % CI Upper
1.9666942148760331,1.3217989293833667,2.9262288301529087
" "
" "
Odds Ratio
Odds Ratio,95 % CI Lower,95 % CI Upper
2.0595108695652176,1.3475010314051965,3.147741577187576