﻿Outcome 2 Result 2a Measures of Association Table
" "
Generated by TriNetX
" "
Notes
46 patients in Cohort 1 and 34 patients in Cohort 2 were excluded from results because they had the outcome prior to the time window.
" "
" "
Cohort Statistics
Cohort,Cohort Name,Patients in Cohort,Patients with Outcome,Risk
1,ESRD and Watchmen,995,30,0.03015075376884422
2,Unnamed,1007,23,0.022840119165839126
" "
" "
Risk Difference
Risk Difference,95 % CI Lower,95 % CI Upper,z,p
0.007310634603005094,-0.006762101785329076,0.021383370991339263,1.0187544894185416,0.3083195366816617
" "
" "
Risk Ratio
Risk Ratio,95 % CI Lower,95 % CI Upper
1.3200786541402665,0.7722792580566359,2.256447567298229
" "
" "
Odds Ratio
Odds Ratio,95 % CI Lower,95 % CI Upper
1.3300292858751972,0.7670363588294725,2.306250389466826