﻿Outcome 3 Result 3a Measures of Association Table
" "
Generated by TriNetX
" "
Notes
310 patients in Cohort 1 and 214 patients in Cohort 2 were excluded from results because they had the outcome prior to the time window.
" "
" "
Cohort Statistics
Cohort,Cohort Name,Patients in Cohort,Patients with Outcome,Risk
1,ESRD and Watchmen,731,39,0.0533515731874145
2,Unnamed,827,41,0.049576783555018135
" "
" "
Risk Difference
Risk Difference,95 % CI Lower,95 % CI Upper,z,p
0.003774789632396365,-0.018231940260748324,0.025781519525541054,0.3369036475448294,0.7361895355649168
" "
" "
Risk Ratio
Risk Ratio,95 % CI Lower,95 % CI Upper
1.076140268926629,0.7021664475947038,1.6492925322372132
" "
" "
Odds Ratio
Odds Ratio,95 % CI Lower,95 % CI Upper
1.0804314112505287,0.6888070332987335,1.6947156140761133