﻿Outcome 1 Result 1b Kaplan-Meier Table
" "
Generated by TriNetX
" "
Notes
233 patients in Cohort 1 and 170 patients in Cohort 2 were excluded from results because they had the outcome prior to the time window.
" "
" "
Cohort Statistics
Cohort,Cohort Name,Patients in Cohort,Patients with Outcome,Median Survival (Days),Survival Probability at End of Time Window
1,ESRD and Watchmen,808,24,,0.9662467110145878
2,Unnamed,871,26,,0.9683330420569246
" "
" "
Log-Rank Test
χ²,df,p
0.027571608810733724,1,0.8681199567166409
" "
" "
Hazard Ratio
Hazard Ratio,95 % CI Lower,95 % CI Upper
1.047759,0.6014778,1.825168
" "
" "
Proportionality
χ²,df,p
1.055787,1,0.304178