﻿Outcome 4 Result 4a Measures of Association Table
" "
Generated by TriNetX
" "
Notes
25 patients in Cohort 1 and 40 patients in Cohort 2 were excluded from results because they had the outcome prior to the time window.
" "
" "
Cohort Statistics
Cohort,Cohort Name,Patients in Cohort,Patients with Outcome,Risk
1,ESRD and Watchmen,1016,10,0.00984251968503937
2,Unnamed,1001,10,0.00999000999000999
" "
" "
Risk Difference
Risk Difference,95 % CI Lower,95 % CI Upper,z,p
-0.00014749030497062006,-0.008796510635656861,0.00850153002571562,-0.03342537475837983,0.9733353748343121
" "
" "
Risk Ratio
Risk Ratio,95 % CI Lower,95 % CI Upper
0.985236220472441,0.41186663909074883,2.356807563423321
" "
" "
Odds Ratio
Odds Ratio,95 % CI Lower,95 % CI Upper
0.9850894632206758,0.4082236666980139,2.3771312878492656