﻿Outcome 6 Result 6a Measures of Association Table
" "
Generated by TriNetX
" "
Notes
61 patients in Cohort 1 and 20 patients in Cohort 2 were excluded from results because they had the outcome prior to the time window.
" "
" "
Cohort Statistics
Cohort,Cohort Name,Patients in Cohort,Patients with Outcome,Risk
1,ESRD and Watchmen,980,10,0.01020408163265306
2,Unnamed,1021,10,0.009794319294809012
" "
" "
Risk Difference
Risk Difference,95 % CI Lower,95 % CI Upper,z,p
0.0004097623378440489,-0.008312786747057918,0.009132311422746016,0.09211370620619255,0.9266076987737224
" "
" "
Risk Ratio
Risk Ratio,95 % CI Lower,95 % CI Upper
1.0418367346938775,0.4355437416084476,2.492111992584647
" "
" "
Odds Ratio
Odds Ratio,95 % CI Lower,95 % CI Upper
1.0422680412371135,0.4319026762577425,2.5152024506927915