﻿Outcome 5 Result 5a Measures of Association Table
" "
Generated by TriNetX
" "
Notes
436 patients in Cohort 1 and 143 patients in Cohort 2 were excluded from results because they had the outcome prior to the time window.
" "
" "
Cohort Statistics
Cohort,Cohort Name,Patients in Cohort,Patients with Outcome,Risk
1,ESRD and Watchmen,605,37,0.06115702479338843
2,Unnamed,898,25,0.02783964365256125
" "
" "
Risk Difference
Risk Difference,95 % CI Lower,95 % CI Upper,z,p
0.033317381140827176,0.011400179178351112,0.055234583103303245,3.185212180651913,0.0014464790989068051
" "
" "
Risk Ratio
Risk Ratio,95 % CI Lower,95 % CI Upper
2.1967603305785124,1.3366016025049756,3.61046697906039
" "
" "
Odds Ratio
Odds Ratio,95 % CI Lower,95 % CI Upper
2.274718309859155,1.3546416508581485,3.819713786247904