﻿Outcome 1 Result 1a Measures of Association Table
" "
Generated by TriNetX
" "
Notes
233 patients in Cohort 1 and 170 patients in Cohort 2 were excluded from results because they had the outcome prior to the time window.
" "
" "
Cohort Statistics
Cohort,Cohort Name,Patients in Cohort,Patients with Outcome,Risk
1,ESRD and Watchmen,808,14,0.017326732673267328
2,Unnamed,871,16,0.018369690011481057
" "
" "
Risk Difference
Risk Difference,95 % CI Lower,95 % CI Upper,z,p
-0.0010429573382137285,-0.013711191595049086,0.011625276918621629,-0.1611891090938724,0.8719444586386847
" "
" "
Risk Ratio
Risk Ratio,95 % CI Lower,95 % CI Upper
0.9432240099009902,0.46332772408103845,1.920177633700363
" "
" "
Odds Ratio
Odds Ratio,95 % CI Lower,95 % CI Upper
0.9422229219143576,0.4569070259461947,1.9430299473779047