﻿Outcome 1 Result 1b Kaplan-Meier Table
" "
Generated by TriNetX
" "
Notes
233 patients in Cohort 1 and 170 patients in Cohort 2 were excluded from results because they had the outcome prior to the time window.
" "
" "
Cohort Statistics
Cohort,Cohort Name,Patients in Cohort,Patients with Outcome,Median Survival (Days),Survival Probability at End of Time Window
1,ESRD and Watchmen,808,14,,0.981889048472293
2,Unnamed,871,16,,0.9811906561428742
" "
" "
Log-Rank Test
χ²,df,p
0.014645442053816397,1,0.9036764974904158
" "
" "
Hazard Ratio
Hazard Ratio,95 % CI Lower,95 % CI Upper
0.9561848,0.4666781,1.959143
" "
" "
Proportionality
χ²,df,p
0.1031621,1,0.7480675