﻿Outcome 2 Result 2a Measures of Association Table
" "
Generated by TriNetX
" "
Notes
46 patients in Cohort 1 and 34 patients in Cohort 2 were excluded from results because they had the outcome prior to the time window.
" "
" "
Cohort Statistics
Cohort,Cohort Name,Patients in Cohort,Patients with Outcome,Risk
1,ESRD and Watchmen,995,17,0.017085427135678392
2,Unnamed,1007,14,0.013902681231380337
" "
" "
Risk Difference
Risk Difference,95 % CI Lower,95 % CI Upper,z,p
0.0031827459042980556,-0.007640288702869218,0.014005780511465329,0.5766816350219263,0.5641545407663672
" "
" "
Risk Ratio
Risk Ratio,95 % CI Lower,95 % CI Upper
1.2289303661162958,0.6090942693862824,2.4795338269796336
" "
" "
Odds Ratio
Odds Ratio,95 % CI Lower,95 % CI Upper
1.232909728308501,0.6044201873315909,2.514916659002686