﻿Outcome 2 Result 2a Measures of Association Table
" "
Generated by TriNetX
" "
Notes
46 patients in Cohort 1 and 34 patients in Cohort 2 were excluded from results because they had the outcome prior to the time window.
" "
" "
Cohort Statistics
Cohort,Cohort Name,Patients in Cohort,Patients with Outcome,Risk
1,ESRD and Watchmen,995,33,0.033165829145728645
2,Unnamed,1007,26,0.025819265143992055
" "
" "
Risk Difference
Risk Difference,95 % CI Lower,95 % CI Upper,z,p
0.00734656400173659,-0.007477668708084334,0.022170796711557514,0.9718073346167188,0.33114640629705994
" "
" "
Risk Ratio
Risk Ratio,95 % CI Lower,95 % CI Upper
1.2845380749903363,0.7741037241144874,2.13154647716931
" "
" "
Odds Ratio
Odds Ratio,95 % CI Lower,95 % CI Upper
1.294298736606429,0.7682505488773818,2.1805506315991887