﻿Outcome 1 Result 1a Measures of Association Table
" "
Generated by TriNetX
" "
Notes
233 patients in Cohort 1 and 170 patients in Cohort 2 were excluded from results because they had the outcome prior to the time window.
" "
" "
Cohort Statistics
Cohort,Cohort Name,Patients in Cohort,Patients with Outcome,Risk
1,ESRD and Watchmen,808,25,0.03094059405940594
2,Unnamed,871,32,0.03673938002296211
" "
" "
Risk Difference
Risk Difference,95 % CI Lower,95 % CI Upper,z,p
-0.005798785963556173,-0.023080052560228877,0.011482480633116531,-0.6555628463095944,0.5121054374740932
" "
" "
Risk Ratio
Risk Ratio,95 % CI Lower,95 % CI Upper
0.8421642945544554,0.5035242461980192,1.4085532213745335
" "
" "
Odds Ratio
Odds Ratio,95 % CI Lower,95 % CI Upper
0.8371248403575989,0.4916704738816064,1.4253001462774069