﻿Outcome 1 Result 1b Kaplan-Meier Table
" "
Generated by TriNetX
" "
Notes
233 patients in Cohort 1 and 170 patients in Cohort 2 were excluded from results because they had the outcome prior to the time window.
" "
" "
Cohort Statistics
Cohort,Cohort Name,Patients in Cohort,Patients with Outcome,Median Survival (Days),Survival Probability at End of Time Window
1,ESRD and Watchmen,808,25,,0.9645274108170528
2,Unnamed,871,32,,0.9602816034808553
" "
" "
Log-Rank Test
χ²,df,p
0.14577159002189,1,0.7026093787391925
" "
" "
Hazard Ratio
Hazard Ratio,95 % CI Lower,95 % CI Upper
0.9028695,0.5349023,1.523967
" "
" "
Proportionality
χ²,df,p
0.4258168,1,0.5140487