﻿Outcome 3 Result 3a Measures of Association Table
" "
Generated by TriNetX
" "
Notes
310 patients in Cohort 1 and 214 patients in Cohort 2 were excluded from results because they had the outcome prior to the time window.
" "
" "
Cohort Statistics
Cohort,Cohort Name,Patients in Cohort,Patients with Outcome,Risk
1,ESRD and Watchmen,731,44,0.060191518467852256
2,Unnamed,827,46,0.05562273276904474
" "
" "
Risk Difference
Risk Difference,95 % CI Lower,95 % CI Upper,z,p
0.004568785698807518,-0.018696871140081218,0.027834442537696253,0.38575509879401154,0.6996780521631977
" "
" "
Risk Ratio
Risk Ratio,95 % CI Lower,95 % CI Upper
1.0821388211503005,0.7245453473595735,1.6162196507203739
" "
" "
Odds Ratio
Odds Ratio,95 % CI Lower,95 % CI Upper
1.0873995316752105,0.7103178006311923,1.664660156956149