﻿Outcome 5 Result 5a Measures of Association Table
" "
Generated by TriNetX
" "
Notes
436 patients in Cohort 1 and 143 patients in Cohort 2 were excluded from results because they had the outcome prior to the time window.
" "
" "
Cohort Statistics
Cohort,Cohort Name,Patients in Cohort,Patients with Outcome,Risk
1,ESRD and Watchmen,605,57,0.09421487603305785
2,Unnamed,898,45,0.05011135857461024
" "
" "
Risk Difference
Risk Difference,95 % CI Lower,95 % CI Upper,z,p
0.04410351745844761,0.01679950200739311,0.07140753290950211,3.333875828003249,0.0008564488222721465
" "
" "
Risk Ratio
Risk Ratio,95 % CI Lower,95 % CI Upper
1.8801101928374657,1.2895829615549317,2.741052295657802
" "
" "
Odds Ratio
Odds Ratio,95 % CI Lower,95 % CI Upper
1.971654501216545,1.3146353040341703,2.957034137329405